,mean.worm.density,median.worm.density,var.worm.density,sd.worm.density,length.worm.density
Arable,5.33333333333333,5,2.33333333333333,1.52752523165195,3
Grassland,2.44444444444444,2,4.27777777777778,2.06827894099848,9
Meadow,6.33333333333333,6,2.33333333333333,1.52752523165195,3
Orchard,9,9,NA,NA,1
Scrub,5.25,5,4.91666666666667,2.21735578260835,4
